{
    "name": "CoC7-helper",
    "title": "Call of Cthulhu system helper",
    "description": "<p>Documentation and ToolTips for HavlockV FoundryVTT implementation of Call of Cthulhu</p>",
    "version": "0.1",
    "author": "snap01",
    "esmodules": [
        "module/index.js"
    ],
    "styles": [
        "style/index.css"
    ],
    "languages": [
        {
          "lang": "en",
          "name": "English",
          "path": "lang/en.json"
        }
    ],
    "minimumCoreVersion": "0.8.8",
    "compatibleCoreVersion": "0.8.8",
    "url": "https://github.com/snap01/CoC7-helper",
    "manifest": "https://raw.githubusercontent.com/snap01/CoC7-helper/main/dist/module.json",
    "download": "https://raw.githubusercontent.com/snap01/CoC7-helper/main/dist/main.zip"
}
